id,symbol,name,image,current_price,market_cap,market_cap_rank,fully_diluted_valuation,total_volume,high_24h,low_24h,price_change_24h,price_change_percentage_24h,market_cap_change_24h,market_cap_change_percentage_24h,circulating_supply,total_supply,max_supply,ath,ath_change_percentage,ath_date,atl,atl_change_percentage,atl_date,roi,last_updated
bitcoin,btc,Bitcoin,https://coin-images.coingecko.com/coins/images/1/large/bitcoin.png?1696501400,10032011.0,199706942842755,1,199706942842755,2151312206846.0,10114470.0,10006578.0,-76360.23700166494,-0.75542,-1507990897593.0938,-0.74944,19910706.0,19910706.0,21000000.0,10855066.0,-7.59593,2025-08-14T00:37:02.582Z,3993.42,251076.30115,2013-07-05T00:00:00.000Z,,2025-08-24T07:23:00.678Z
ethereum,eth,Ethereum,https://coin-images.coingecko.com/coins/images/279/large/ethereum.png?1696501628,416091.0,50197377039194,2,50197377039194,1928078244099.0,419732.0,410676.0,2814.72,0.68107,236327126144.0,0.47302,120707167.2356946,120707167.2356946,,425918.0,-2.36363,2025-08-22T21:32:23.324Z,28.13,1478152.81713,2015-10-20T00:00:00.000Z,"{'times': 54.45642556744698, 'currency': 'btc', 'percentage': 5445.642556744698}",2025-08-24T07:22:58.862Z
ripple,xrp,XRP,https://coin-images.coingecko.com/coins/images/44/large/xrp-symbol-white-128.png?1696501442,265.0,15762045479124,3,26494973840472,297711438200.0,268.81,262.99,-2.579146629648619,-0.96387,-139904552342.11914,-0.87979,59482264023.0,99985819185.0,100000000000.0,313.99,-15.58981,2025-07-21T15:02:00.541Z,0.159343,166231.22704,2013-08-16T00:00:00.000Z,,2025-08-24T07:23:01.474Z
tether,usdt,Tether,https://coin-images.coingecko.com/coins/images/325/large/Tether.png?1696501661,87.3,14592780911017,4,14592780911017,5138114961421.0,87.31,87.29,0.01299826,0.01489,2274570881.0,0.01559,167150540381.1566,167150540381.1566,,105.52,-17.26095,2025-01-25T16:51:57.989Z,36.86,136.85883,2015-03-02T00:00:00.000Z,,2025-08-24T07:22:50.887Z
binancecoin,bnb,BNB,https://coin-images.coingecko.com/coins/images/825/large/bnb-icon2_2x.png?1696501970,76144.0,10607973895305,5,10607973895305,112961716530.0,78111.0,76079.0,-1574.369324064537,-2.02574,-216314633145.51953,-1.99842,139287374.49,139287374.49,200000000.0,78577.0,-3.09609,2025-08-22T23:42:55.728Z,2.58,2945823.28485,2017-10-19T00:00:00.000Z,,2025-08-24T07:23:01.459Z
solana,sol,Solana,https://coin-images.coingecko.com/coins/images/4128/large/solana.png?1718769756,18121.3,9799126271512,6,11027561502030,627318267270.0,18413.62,17545.3,90.68,0.50292,46462067675.0,0.4764,540438275.0253805,608188541.5865889,,25396.0,-28.64345,2025-01-19T11:15:27.957Z,38.03,47557.07969,2020-05-11T19:35:23.449Z,,2025-08-24T07:23:01.452Z
usd-coin,usdc,USDC,https://coin-images.coingecko.com/coins/images/6319/large/usdc.png?1696506694,87.31,5897387963730,7,5897529432197,500511507232.0,87.32,87.3,-4.9421270063021e-05,-6e-05,-2886331474.930664,-0.04892,67544611103.78062,67546231385.96167,,1327.87,-93.4246,2025-01-23T04:45:51.184Z,65.31,33.69424,2021-05-19T13:14:05.611Z,,2025-08-24T07:22:56.420Z
staked-ether,steth,Lido Staked Ether,https://coin-images.coingecko.com/coins/images/13442/large/steth_logo.png?1696513206,414835.0,3635928217930,8,3635928217930,2703725014.0,419120.0,409336.0,2578.32,0.62542,18140907341.0,0.50144,8764754.535663862,8764754.535663862,,424521.0,-2.30754,2025-08-22T21:32:26.423Z,35697.0,1061.79499,2020-12-22T04:08:21.854Z,,2025-08-24T07:23:01.214Z
dogecoin,doge,Dogecoin,https://coin-images.coingecko.com/coins/images/5/large/dogecoin.png?1696501409,20.31,3058057014718,9,3059362418185,153097870458.0,20.86,20.28,-0.4983227555033558,-2.39437,-81248930897.30371,-2.58812,150583256383.7052,150647536383.7052,,53.62,-62.12107,2021-05-08T05:08:23.458Z,0.00552883,367243.72875,2015-05-06T00:00:00.000Z,,2025-08-24T07:23:01.345Z
tron,trx,TRON,https://coin-images.coingecko.com/coins/images/1094/large/tron-logo.png?1696502193,31.9,3019894249469,10,3019914666981,59342596891.0,31.9,31.46,0.354227,1.12289,32819526934.0,1.09872,94668339639.89952,94668979692.77742,,36.53,-12.66934,2024-12-04T00:10:40.323Z,0.117589,27026.56522,2017-11-12T00:00:00.000Z,"{'times': 191.25458643717826, 'currency': 'usd', 'percentage': 19125.458643717826}",2025-08-24T07:23:01.350Z
cardano,ada,Cardano,https://coin-images.coingecko.com/coins/images/975/large/cardano.png?1696502090,79.1,2884578513743,11,3558881837973,115696912831.0,81.24,78.95,-2.138215139376598,-2.63212,-86554116202.5586,-2.91317,36473824933.83167,45000000000.0,45000000000.0,225.26,-64.90574,2021-09-02T06:00:10.474Z,1.38,5647.65074,2017-11-02T00:00:00.000Z,,2025-08-24T07:22:50.698Z
wrapped-steth,wsteth,Wrapped stETH,https://coin-images.coingecko.com/coins/images/18834/large/wstETH.png?1696518295,503216.0,1619785703482,12,1619785703482,6936962858.0,507523.0,494597.0,2992.36,0.5982,32038101248.0,2.01783,3218730.965581797,3218730.965581797,,562097.0,-10.46388,2022-05-13T15:09:54.509Z,43204.0,1064.88214,2022-05-13T01:36:45.053Z,,2025-08-24T07:23:00.990Z
chainlink,link,Chainlink,https://coin-images.coingecko.com/coins/images/877/large/chainlink-new-logo.png?1696502009,2241.69,1522503326316,13,2245249067477,108181620989.0,2299.89,2236.9,-23.789535833913305,-1.05009,-14733819397.454346,-0.95846,678099970.4527868,1000000000.0,1000000000.0,3862.15,-41.91937,2021-05-10T00:13:57.214Z,9.55,23396.82145,2017-11-29T00:00:00.000Z,,2025-08-24T07:23:01.158Z
wrapped-beacon-eth,wbeth,Wrapped Beacon ETH,https://coin-images.coingecko.com/coins/images/30061/large/wbeth-icon.png?1696528983,447637.0,1371632700626,14,1371632700626,648398043.0,451490.0,441984.0,2392.4,0.53732,6124179204.0,0.44849,3064161.255160741,3064161.255160741,,457361.0,-2.12519,2025-08-22T21:48:17.506Z,129172.0,246.54628,2023-10-12T17:25:09.026Z,,2025-08-24T07:23:01.405Z
hyperliquid,hype,Hyperliquid,https://coin-images.coingecko.com/coins/images/50882/large/hyperliquid.jpg?1729431300,3831.3,1278726062080,15,3830493609533,13259356961.0,3923.49,3790.0,19.6,0.51429,7757207430.0,0.61034,333772999.4341414,999835210.4341414,1000000000.0,4323.82,-11.36541,2025-08-15T04:12:25.026Z,321.88,1090.632,2024-11-29T09:30:30.871Z,,2025-08-24T07:22:49.964Z
wrapped-bitcoin,wbtc,Wrapped Bitcoin,https://coin-images.coingecko.com/coins/images/7598/large/wrapped_bitcoin_wbtc.png?1696507857,10034752.0,1274977343984,16,1274977343984,8640101297.0,10124274.0,10001889.0,-71077.71196890995,-0.70333,-9019912343.67212,-0.70249,127037.57872278,127037.57872278,127037.57872278,10833511.0,-7.4182,2025-08-14T00:40:53.782Z,217246.0,4516.82887,2019-04-02T00:00:00.000Z,,2025-08-24T07:23:01.468Z
wrapped-eeth,weeth,Wrapped eETH,https://coin-images.coingecko.com/coins/images/33033/large/weETH.png?1701438396,445646.0,1137450765609,17,1137450765609,1335213863.0,450082.0,439697.0,2032.41,0.45815,4241680708.0,0.37431,2550773.114062854,2550773.114062854,,456210.0,-2.36236,2025-08-22T21:10:10.572Z,130059.0,242.48418,2025-04-09T03:10:31.769Z,,2025-08-24T07:23:01.095Z
sui,sui,Sui,https://coin-images.coingecko.com/coins/images/26375/large/sui-ocean-square.png?1727791290,322.28,1131711632338,18,3222482826501,66690272777.0,329.26,321.57,-6.729365614634787,-2.04537,-25119093843.16797,-2.17137,3511924479.569998,10000000000.0,10000000000.0,458.6,-29.71856,2025-01-04T22:56:18.063Z,30.36,961.49516,2023-10-19T22:05:15.703Z,,2025-08-24T07:22:50.766Z
stellar,xlm,Stellar,https://coin-images.coingecko.com/coins/images/100/large/fmpFRHHQ_400x400.jpg?1735231350,35.76,1121371312899,19,1788471816962,17470396240.0,36.66,35.78,-0.9011161574445978,-2.45781,-29603973598.368652,-2.57208,31351105943.81418,50001786889.0645,50001786889.0645,58.01,-38.31474,2021-05-16T09:48:45.220Z,0.02966141,120534.37835,2015-03-05T00:00:00.000Z,,2025-08-24T07:22:50.191Z
ethena-usde,usde,Ethena USDe,https://coin-images.coingecko.com/coins/images/33613/large/usde.png?1733810059,87.35,1051641215992,20,1051641215992,18622990314.0,87.39,87.31,-0.002314342451668949,-0.00265,14682372663.0,1.41591,12038741637.98991,12038741637.98991,,88.29,-1.05964,2025-08-06T16:02:11.082Z,78.05,11.92028,2024-10-04T07:57:15.809Z,,2025-08-24T07:23:00.901Z
bitcoin-cash,bch,Bitcoin Cash,https://coin-images.coingecko.com/coins/images/780/large/bitcoin-cash-circle.png?1696501932,51709.0,1029882780917,21,1029883265718,14427250944.0,52189.0,51083.0,-41.85965081791073,-0.08089,-1086735666.2194824,-0.10541,19915684.27165078,19915693.64665078,21000000.0,242198.0,-78.64828,2017-12-20T00:00:00.000Z,5536.54,834.03911,2018-12-16T00:00:00.000Z,,2025-08-24T07:22:50.285Z
weth,weth,WETH,https://coin-images.coingecko.com/coins/images/2518/large/weth.png?1696503332,416079.0,982331662518,22,982331662518,52431659095.0,419831.0,410005.0,2096.35,0.50639,74444196013.0,8.19972,2360631.867556704,2360631.867556704,,426113.0,-2.3278,2025-08-22T21:33:23.642Z,5908.49,6943.99579,2018-12-15T00:00:00.000Z,,2025-08-24T07:22:56.728Z
avalanche-2,avax,Avalanche,https://coin-images.coingecko.com/coins/images/12559/large/Avalanche_Circle_RedWhite_Trans.png?1696512369,2226.48,940345002230,23,1020071446008,97556708283.0,2321.99,2204.0,14.98,0.67725,6030172072.0,0.64541,422276596.0335201,458078999.632708,720000000.0,10772.35,-79.32926,2021-11-21T14:18:56.538Z,204.63,988.17367,2020-12-31T13:15:21.540Z,,2025-08-24T07:23:01.485Z
hedera-hashgraph,hbar,Hedera,https://coin-images.coingecko.com/coins/images/3688/large/hbar.png?1696504364,21.66,918048965299,24,1082785527770,14859507081.0,22.21,21.63,-0.39624027090702185,-1.79677,-17886525898.383667,-1.91109,42392927396.68321,50000000000.0,50000000000.0,41.81,-48.19272,2021-09-15T10:40:28.318Z,0.703644,2978.03399,2020-01-02T17:30:24.852Z,,2025-08-24T07:23:01.102Z
litecoin,ltc,Litecoin,https://coin-images.coingecko.com/coins/images/2/large/litecoin.png?1696501400,10497.13,800138652431,25,800145016674,32929117924.0,10681.28,10496.48,-184.1455737726228,-1.724,-14291678081.426514,-1.75481,76220233.23347135,76220839.48347135,84000000.0,30082.0,-65.10946,2021-05-10T03:13:07.904Z,72.12,14452.74317,2015-01-14T00:00:00.000Z,,2025-08-24T07:23:01.781Z
leo-token,leo,LEO Token,https://coin-images.coingecko.com/coins/images/8418/large/leo-token.png?1696508607,837.87,773618881002,26,825747690908,90372683.0,840.6,834.78,1.47,0.17635,1550969959.0,0.20089,923042099.9,985239504.0,,884.76,-5.28932,2025-03-10T09:26:43.294Z,56.97,1370.78045,2019-12-24T15:14:35.376Z,,2025-08-24T07:23:00.955Z
the-open-network,ton,Toncoin,https://coin-images.coingecko.com/coins/images/17980/large/photo_2024-09-10_17.09.00.jpeg?1725963446,292.26,750088219474,27,1501458399369,11195836358.0,297.55,291.06,-5.287378655389091,-1.77696,-14657857296.161255,-1.9167,2567141950.139289,5138671350.032707,,689.6,-57.67928,2024-06-15T00:36:51.509Z,38.25,662.90233,2021-09-21T00:33:11.092Z,,2025-08-24T07:23:01.420Z
usds,usds,USDS,https://coin-images.coingecko.com/coins/images/39926/large/usds.webp?1726666683,87.28,684924658662,28,684924658662,1079947765.0,87.35,87.21,0.01264564,0.01449,335850874.0,0.04906,7847256485.574522,7847256485.574522,,88.9,-1.82169,2024-10-29T05:40:51.197Z,79.67,9.55069,2024-10-03T13:19:28.826Z,,2025-08-24T07:23:00.741Z
shiba-inu,shib,Shiba Inu,https://coin-images.coingecko.com/coins/images/11939/large/shiba.png?1696511800,0.00113294,668255173522,29,668544348146,14964427292.0,0.00116206,0.00113157,-2.912213920306e-05,-2.50608,-18780211376.61609,-2.73351,589245961301073.4,589500946202341.0,,0.00645756,-82.45592,2021-10-28T03:54:55.568Z,4.169e-09,27174775.72318,2020-11-28T11:26:25.838Z,,2025-08-24T07:23:01.337Z
binance-bridged-usdt-bnb-smart-chain,bsc-usd,Binance Bridged USDT (BNB Smart Chain),https://coin-images.coingecko.com/coins/images/35021/large/USDT.png?1707233575,87.24,591927239683,30,591927239683,138203589365.0,87.56,87.13,0.02551495,0.02926,-133134109.5053711,-0.02249,6784993599.453935,6784993599.453935,,89.78,-2.78458,2025-02-03T02:11:18.905Z,79.78,9.39523,2024-12-05T22:30:39.827Z,,2025-08-24T07:22:50.712Z
uniswap,uni,Uniswap,https://coin-images.coingecko.com/coins/images/12504/large/uniswap-logo.png?1720676669,970.13,582627969091,31,970265432281,32485471490.0,996.28,966.49,-11.84063148782866,-1.20581,-6987967807.807739,-1.18517,600483073.71,1000000000.0,1000000000.0,3333.06,-70.89321,2021-05-03T05:25:04.822Z,75.81,1179.74466,2020-09-17T01:20:38.214Z,,2025-08-24T07:23:01.403Z
whitebit,wbt,WhiteBIT Coin,https://coin-images.coingecko.com/coins/images/27045/large/wbt_token.png?1696526096,3850.25,554041960426,32,1240473062762,2624530128.0,3872.45,3823.43,-5.058313769251072,-0.1312,-2793431131.656494,-0.50166,144118517.10815412,322674366.0,400000000.0,4498.83,-14.47143,2025-06-16T09:30:18.527Z,245.71,1466.00048,2022-09-21T23:38:03.675Z,,2025-08-24T07:23:01.022Z
polkadot,dot,Polkadot,https://coin-images.coingecko.com/coins/images/12171/large/polkadot.png?1696512008,357.16,543965693368,33,543965693368,23548170844.0,370.32,356.32,-6.308054157652862,-1.73552,-9877538449.6474,-1.78345,1522267060.0,1522267060.0,,4095.22,-91.27863,2021-11-04T14:10:09.301Z,202.26,76.58676,2020-08-19T03:44:11.556Z,,2025-08-24T07:23:01.020Z
coinbase-wrapped-btc,cbbtc,Coinbase Wrapped BTC,https://coin-images.coingecko.com/coins/images/40143/large/cbbtc.webp?1726136727,10028609.0,522308319035,34,522308319035,19016173434.0,10135845.0,10004536.0,-79518.45365981385,-0.78668,2197782700.0,0.42256,52095.95693349,52095.95693349,,10838558.0,-7.46921,2025-08-14T00:40:22.976Z,4820877.0,108.03274,2024-09-12T14:07:41.775Z,,2025-08-24T07:23:01.477Z
ethena-staked-usde,susde,Ethena Staked USDe,https://coin-images.coingecko.com/coins/images/33669/large/sUSDe-Symbol-Color.png?1716307680,104.0,486781016101,35,486781016101,1315461596.0,104.03,103.85,0.01626482,0.01564,655941920.0,0.13493,4680594963.640877,4680594963.640877,,111.83,-6.99904,2025-01-29T17:52:32.991Z,84.45,23.15007,2024-04-03T07:41:03.191Z,,2025-08-24T07:23:00.888Z
bitget-token,bgb,Bitget Token,https://coin-images.coingecko.com/coins/images/11610/large/Bitget_logo.png?1736925727,411.06,468413939405,36,468413939405,9853395768.0,417.42,408.9,-3.8273817897909908,-0.92252,-5735406627.5668335,-1.20962,1139992035.9787908,1139992035.9787908,2000000000.0,722.65,-43.11829,2024-12-27T11:41:24.992Z,1.081,37921.32419,2020-06-25T04:17:05.895Z,,2025-08-24T07:23:00.729Z
crypto-com-chain,cro,Cronos,https://coin-images.coingecko.com/coins/images/7310/large/cro_token_logo.png?1696507599,13.9,468067972943,37,1365291274698,2620907449.0,14.26,13.42,0.405224,3.00214,15569976013.0,3.44089,33579094772.7939,97945699675.42258,100000000000.0,72.06,-80.70042,2021-11-24T15:53:54.855Z,0.864137,1509.41714,2019-02-08T00:00:00.000Z,,2025-08-24T07:23:00.739Z
aave,aave,Aave,https://coin-images.coingecko.com/coins/images/12645/large/aave-token-round.png?1720472354,30434.0,463069189033,38,486933538477,99580823722.0,32939.0,29713.0,-17.432289139156637,-0.05725,-1173468583.225891,-0.25277,15215848.65091661,16000000.0,16000000.0,48387.0,-37.10299,2021-05-18T21:19:59.514Z,1933.39,1474.13548,2020-11-05T09:20:11.928Z,,2025-08-24T07:23:01.435Z
monero,xmr,Monero,https://coin-images.coingecko.com/coins/images/69/large/monero_logo.png?1696501460,23454.0,432467659522,39,432467659522,6355910153.0,23701.0,22733.0,-159.29546787404252,-0.67461,-3155189311.720459,-0.72429,18446744.07370955,18446744.07370955,,37647.0,-37.62213,2021-05-07T16:03:51.202Z,13.57,172944.43048,2015-01-14T00:00:00.000Z,,2025-08-24T07:23:00.734Z
ethena,ena,Ethena,https://coin-images.coingecko.com/coins/images/36530/large/ethena.png?1711701436,61.55,407580662900,40,923259642245,49377088337.0,65.46,61.36,-3.9046465741024576,-5.96527,-25918822916.210632,-5.97897,6621875000.0,15000000000.0,,126.48,-51.37644,2024-04-11T13:15:15.057Z,16.38,275.38167,2024-09-06T21:04:48.253Z,,2025-08-24T07:23:00.848Z
pepe,pepe,Pepe,https://coin-images.coingecko.com/coins/images/29850/large/pepe-token.jpeg?1696528776,0.00095968,404045962763,41,404045962763,49206735305.0,0.0010045,0.00095927,-4.4817364044514e-05,-4.46166,-20163113239.86737,-4.75311,420690000000000.0,420690000000000.0,420690000000000.0,0.00237833,-59.66344,2024-12-09T16:30:35.828Z,4.52e-06,21122.60336,2023-04-18T02:14:41.591Z,,2025-08-24T07:23:01.339Z
dai,dai,Dai,https://coin-images.coingecko.com/coins/images/9956/large/Badge_Dai.png?1696509996,87.33,375193123478,42,375193123478,7611533891.0,87.35,87.28,0.00991647,0.01136,1548931618.0,0.41455,4296216201.763468,4296216201.763468,,90.72,-3.73425,2020-03-13T03:02:50.373Z,64.85,34.67237,2019-11-25T00:04:18.137Z,,2025-08-24T07:23:00.919Z
mantle,mnt,Mantle,https://coin-images.coingecko.com/coins/images/30980/large/Mantle-Logo-mark.png?1739213200,110.1,370593004283,43,684781966300,31048361074.0,111.92,105.75,-0.42352469881610944,-0.38318,-1419096239.1107788,-0.38147,3365794382.836841,6219316794.99,6219316794.99,128.22,-13.7273,2024-04-08T09:45:25.482Z,25.64,331.4868,2023-10-18T02:50:46.942Z,,2025-08-24T07:23:01.109Z
okb,okb,OKB,https://coin-images.coingecko.com/coins/images/4463/large/WeChat_Image_20220118095654.png?1696505053,17433.71,366087747432,44,366087747432,29126742468.0,18942.95,17201.14,-1464.4120562772332,-7.74898,-30818715847.836426,-7.76473,21000000.0,21000000.0,21000000.0,22313.0,-21.92847,2025-08-22T01:56:37.898Z,40.86,42531.72308,2019-01-14T00:00:00.000Z,,2025-08-24T07:23:01.138Z
ethereum-classic,etc,Ethereum Classic,https://coin-images.coingecko.com/coins/images/453/large/ethereum-classic-logo.png?1696501717,2047.32,313750087431,45,313764679703,13288807041.0,2121.31,2046.12,-58.786628717789426,-2.79125,-8992478193.653748,-2.78627,153229177.3025606,153236303.8718339,210700000.0,12296.58,-83.34412,2021-05-06T18:34:22.133Z,41.44,4842.873,2016-07-25T00:00:00.000Z,"{'times': 51.09647624256324, 'currency': 'usd', 'percentage': 5109.647624256325}",2025-08-24T07:23:01.229Z
bittensor,tao,Bittensor,https://coin-images.coingecko.com/coins/images/28452/large/ARUsPeNQ_400x400.jpeg?1696527447,31124.0,298707652863,46,653593810102,4200414324.0,31898.0,31110.0,-585.3281843005061,-1.84591,-5738613803.97644,-1.88493,9597491.0,21000000.0,21000000.0,62722.0,-50.40023,2024-12-06T12:15:28.199Z,2535.93,1126.76964,2023-05-14T08:57:53.732Z,,2025-08-24T07:23:00.819Z
near,near,NEAR Protocol,https://coin-images.coingecko.com/coins/images/10365/large/near.jpg?1696510367,230.46,288042874499,47,292212821846,10732977655.0,236.99,230.07,-4.114874368483925,-1.75421,-5488120656.000122,-1.86969,1249143538.0,1267227175.0,,1518.16,-84.81865,2022-01-16T22:09:45.873Z,39.17,488.37334,2020-11-04T16:09:15.137Z,,2025-08-24T07:23:01.311Z
aptos,apt,Aptos,https://coin-images.coingecko.com/coins/images/26455/large/aptos_round.png?1696525528,403.72,276995315666,48,472989460745,30968856823.0,416.74,403.29,-6.850274539263637,-1.66846,-4635877634.542419,-1.64608,686103106.3912659,1171570492.182718,,1622.34,-75.14162,2023-01-26T14:25:17.390Z,255.21,58.02107,2022-12-29T21:35:14.796Z,,2025-08-24T07:22:51.728Z
jito-staked-sol,jitosol,Jito Staked SOL,https://coin-images.coingecko.com/coins/images/28046/large/JitoSOL-200.png?1696527060,22177.0,273928901112,49,273928901112,3535391958.0,22489.0,21478.0,132.94,0.60306,463112400.0,0.16935,12347619.74941359,12347619.74941359,,29397.0,-24.57509,2025-01-19T11:21:54.080Z,48.02,46073.42896,2023-09-12T10:21:17.665Z,,2025-08-24T07:23:01.271Z
ondo-finance,ondo,Ondo,https://coin-images.coingecko.com/coins/images/26580/large/ONDO.png?1696525656,85.86,271314026981,50,858831250568,11826494138.0,88.34,85.79,-2.4730223174959605,-2.79952,-7550146508.759155,-2.70746,3159107529.0,10000000000.0,10000000000.0,181.52,-52.73806,2024-12-16T00:36:00.777Z,6.83,1155.75172,2024-01-18T12:14:30.524Z,,2025-08-24T07:23:01.139Z
arbitrum,arb,Arbitrum,https://coin-images.coingecko.com/coins/images/16547/large/arb.jpg?1721358242,50.44,267235608527,51,504619915672,55266889807.0,54.07,50.35,-1.0054706687737465,-1.95427,-4927452616.449158,-1.81048,5295780056.0,10000000000.0,10000000000.0,198.19,-74.59272,2024-01-12T12:29:59.231Z,21.09,138.77764,2025-04-07T07:01:34.124Z,,2025-08-24T07:23:00.905Z
binance-peg-weth,weth,Binance-Peg WETH,https://coin-images.coingecko.com/coins/images/39580/large/weth.png?1723006716,415421.0,251220356022,52,251220356022,4167013716.0,419420.0,410182.0,1986.84,0.48057,1092993457.0,0.43697,604999.9999588211,604999.9999588211,,425587.0,-2.30316,2025-08-22T21:34:07.955Z,120428.0,245.2549,2025-04-09T01:32:41.942Z,,2025-08-24T07:23:01.147Z
internet-computer,icp,Internet Computer,https://coin-images.coingecko.com/coins/images/14495/large/Internet_Computer_logo.png?1696514180,460.47,247456296641,53,247456310074,3552673314.0,477.91,460.05,-12.931636232561232,-2.73166,-6988398477.028778,-2.74653,537341363.7776278,537341392.9455229,,51433.0,-99.10462,2021-05-10T16:05:53.653Z,237.38,93.99776,2023-09-22T00:29:57.369Z,,2025-08-24T07:23:00.905Z
pi-network,pi,Pi Network,https://coin-images.coingecko.com/coins/images/54342/large/pi_network.jpg?1739347576,31.13,247139641710,54,380205401801,3039893431.0,31.74,31.13,-0.6112134084924925,-1.92576,-3839459516.249695,-1.52979,7934944308.757861,12207303807.29061,100000000000.0,260.4,-88.03196,2025-02-26T16:41:03.732Z,29.41,5.97295,2025-08-06T04:10:50.759Z,,2025-08-24T07:23:00.734Z
usd1-wlfi,usd1,USD1,https://coin-images.coingecko.com/coins/images/54977/large/USD1_1000x1000_transparent.png?1749297002,87.29,216487368930,55,216487368930,19154881975.0,87.38,87.2,0.01144864,0.01312,4736030113.0,2.2366,2481295631.783896,2481295631.783896,,88.0,-0.81745,2025-08-05T02:26:07.801Z,83.75,4.22299,2025-05-02T03:46:49.689Z,,2025-08-24T07:23:01.112Z
blackrock-usd-institutional-digital-liquidity-fund,buidl,BlackRock USD Institutional Digital Liquidity Fund,https://coin-images.coingecko.com/coins/images/36291/large/blackrock.png?1711013223,87.33,208763099522,56,208763099522,,87.33,87.33,0.0,0.0,-6.103515625e-05,0.0,2390501567.583853,2390501567.583853,,88.04,-0.80955,2025-08-05T02:40:01.785Z,83.81,4.20576,2025-05-02T06:30:16.890Z,,2025-08-24T07:20:08.560Z
kaspa,kas,Kaspa,https://coin-images.coingecko.com/coins/images/25751/large/kaspa-icon-exchanges.png?1696524837,7.74,204155718784,57,206092561029,2745053201.0,7.99,7.73,-0.24081165586270892,-3.01557,-6533664841.338135,-3.10109,26363807936.34678,26613923569.89077,28704026601.0,17.36,-55.49321,2024-08-01T00:40:47.164Z,0.01327337,58111.66754,2022-05-26T14:42:59.316Z,,2025-08-24T07:23:01.399Z
polygon-ecosystem-token,pol,POL (ex-MATIC),https://coin-images.coingecko.com/coins/images/32440/large/polygon.png?1698233684,21.55,197828079717,58,226121795586,7554305464.0,22.04,21.52,-0.23335681016406085,-1.07131,-2458692928.635681,-1.22759,9176476451.154093,10488912065.7207,,106.68,-79.81886,2024-03-13T18:55:06.692Z,13.16,63.5923,2025-04-07T07:06:08.017Z,,2025-08-24T07:22:50.337Z
algorand,algo,Algorand,https://coin-images.coingecko.com/coins/images/4380/large/download.png?1696504978,22.51,196285424112,59,196287613179,6273013715.0,23.09,22.47,-0.5360012635715137,-2.32562,-5122267113.906189,-2.54323,8720116177.893347,8720213428.715698,10000000000.0,247.29,-90.90032,2019-06-20T14:51:19.480Z,7.26,210.16351,2023-09-11T19:42:08.247Z,"{'times': -0.8925931665974004, 'currency': 'usd', 'percentage': -89.25931665974004}",2025-08-24T07:23:00.953Z
binance-staked-sol,bnsol,Binance Staked SOL,https://coin-images.coingecko.com/coins/images/40132/large/bnsol.png?1725968367,19379.27,194975891972,60,194975891972,431078237.0,19681.78,18806.51,72.92,0.37772,2167832920.0,1.12435,10061055.11738378,10061055.11738378,,25798.0,-24.88232,2025-01-19T11:30:53.744Z,8601.45,125.30169,2025-04-07T06:56:20.488Z,,2025-08-24T07:23:01.019Z
pudgy-penguins,pengu,Pudgy Penguins,https://coin-images.coingecko.com/coins/images/52622/large/PUDGY_PENGUINS_PENGU_PFP.png?1733809110,3.09,194052776669,61,245619254330,27568243313.0,3.18,3.06,-0.014730004596283042,-0.47482,-1527324130.4737854,-0.78092,62860396090.0,79564559083.28307,88888888888.0,5.81,-47.0079,2024-12-17T13:05:22.873Z,0.320882,859.75853,2025-04-09T01:31:57.832Z,,2025-08-24T07:23:00.943Z
cosmos,atom,Cosmos Hub,https://coin-images.coingecko.com/coins/images/1481/large/cosmos_hub.png?1696502525,413.66,192506178677,62,192506178677,10691154287.0,430.14,412.78,-7.364852119621162,-1.74927,-3554998463.793457,-1.81321,465057537.807107,465057537.807107,,3301.61,-87.47183,2022-01-17T00:34:41.497Z,87.61,372.11311,2020-03-13T02:27:44.591Z,"{'times': 46.36737249053307, 'currency': 'usd', 'percentage': 4636.737249053307}",2025-08-24T07:23:01.179Z
rocket-pool-eth,reth,Rocket Pool ETH,https://coin-images.coingecko.com/coins/images/20764/large/reth.png?1696520159,473107.0,191331890110,63,191331890110,1938756479.0,477435.0,466568.0,2187.72,0.46456,494761633.0,0.25926,404265.3635475193,404265.3635475193,,484146.0,-2.28522,2025-08-22T21:11:00.127Z,69172.0,583.91762,2022-06-18T20:55:45.957Z,,2025-08-24T07:23:00.920Z
vechain,vet,VeChain,https://coin-images.coingecko.com/coins/images/1167/large/VET.png?1742383283,2.18,187620084499,64,187620084499,3700173599.0,2.25,2.18,-0.07161291921956892,-3.17817,-6575157122.255829,-3.38585,85985041177.0,85985041177.0,86712634466.0,20.95,-89.58398,2021-04-19T01:08:21.675Z,0.144791,1406.76186,2020-03-13T02:29:59.652Z,"{'times': 0.8359212635886528, 'currency': 'eth', 'percentage': 83.59212635886529}",2025-08-24T07:22:50.646Z
gatechain-token,gt,Gate,https://coin-images.coingecko.com/coins/images/8183/large/200X200.png?1735246724,1542.87,184269905608,65,462815719382,621455488.0,1611.49,1542.7,-60.04299539410226,-3.74586,-7219857786.266571,-3.77036,119444887.81900902,300000000.0,,2235.58,-30.99186,2025-01-25T03:07:37.823Z,19.44,7837.26152,2020-03-13T02:18:02.481Z,,2025-08-24T07:23:01.032Z
kelp-dao-restaked-eth,rseth,Kelp DAO Restaked ETH,https://coin-images.coingecko.com/coins/images/33800/large/Icon___Dark.png?1702991855,435915.0,176577060723,66,176577060723,68578795.0,439916.0,429629.0,2246.56,0.51804,995604850.0,0.56703,404878.9755002078,404878.9755002078,,445901.0,-2.2251,2025-08-22T21:33:49.097Z,126014.0,245.97665,2025-04-09T01:45:22.546Z,,2025-08-24T07:23:00.801Z
fasttoken,ftn,Fasttoken,https://coin-images.coingecko.com/coins/images/28478/large/lightenicon_200x200.png?1696527472,395.64,170782937346,67,344364295210,4253798011.0,396.5,394.31,0.4628,0.11711,-18713573.286834717,-0.01096,431833245.0,870742437.0,1000000000.0,403.42,-1.98156,2025-08-05T02:34:13.695Z,32.24,1126.51202,2023-01-21T10:15:39.503Z,,2025-08-24T07:23:00.769Z
jupiter-perpetuals-liquidity-provider-token,jlp,Jupiter Perpetuals Liquidity Provider Token,https://coin-images.coingecko.com/coins/images/33094/large/jlp.png?1700631386,478.35,169845221573,68,169845221573,3012781667.0,481.78,471.5,1.072,0.22468,403790737.0,0.23831,354674630.312803,354674630.312803,,482.15,-0.78326,2025-08-14T05:13:36.112Z,12.24,3808.06045,2023-11-24T05:55:06.706Z,,2025-08-24T07:23:00.850Z
render-token,render,Render,https://coin-images.coingecko.com/coins/images/11636/large/rndr.png?1696511529,326.5,169496377122,69,174322726178,4737881053.0,337.02,326.4,-10.519726413787055,-3.12141,-5642485338.11676,-3.22172,518361989.0562826,533122162.3362826,644245094.0,1121.89,-70.89244,2024-03-17T16:30:24.636Z,2.79,11604.49582,2020-06-16T13:22:25.900Z,,2025-08-24T07:23:00.906Z
sei-network,sei,Sei,https://coin-images.coingecko.com/coins/images/28205/large/Sei_Logo_-_Transparent.png?1696527207,27.55,165524027977,70,275567194222,11477667092.0,28.46,27.52,-0.311085413443557,-1.11647,-1996885266.378418,-1.19202,6006666666.0,10000000000.0,,94.47,-70.86672,2024-03-16T02:30:23.904Z,7.94,246.65677,2023-10-19T10:31:15.579Z,,2025-08-24T07:23:00.889Z
worldcoin-wld,wld,Worldcoin,https://coin-images.coingecko.com/coins/images/31069/large/worldcoin.jpeg?1696529903,84.8,165274441929,71,848069488461,11534846307.0,88.96,84.5,-4.159173102583395,-4.67545,-8038459767.465637,-4.63812,1948831365.560355,10000000000.0,10000000000.0,971.56,-91.30041,2024-03-10T00:10:42.330Z,50.08,68.77085,2025-04-07T07:06:11.379Z,,2025-08-24T07:23:00.867Z
susds,susds,sUSDS,https://coin-images.coingecko.com/coins/images/52721/large/sUSDS_Coin.png?1734086971,92.95,161645224708,72,161645224708,4078318538.0,92.96,92.93,0.01652658,0.01778,2175190159.0,1.36401,1739112130.176046,1739112130.176046,,94.56,-1.7047,2025-02-03T02:31:35.208Z,82.5,12.65986,2025-01-04T01:21:08.460Z,,2025-08-24T07:23:00.936Z
stakewise-v3-oseth,oseth,StakeWise Staked ETH,https://coin-images.coingecko.com/coins/images/33117/large/Frame_27513839.png?1700732599,437379.0,157051563258,73,157051563258,466577245.0,441385.0,431182.0,1738.54,0.39908,626753867.0,0.40067,358880.6839472,358880.6839472,,447673.0,-2.28413,2025-08-22T21:29:06.078Z,126078.0,246.96653,2025-04-09T01:32:44.161Z,,2025-08-24T07:23:00.682Z
story-2,ip,Story,https://coin-images.coingecko.com/coins/images/54035/large/Transparent_bg.png?1738075331,516.51,156902632848,74,522779508452,4171330444.0,540.02,516.07,-21.99291458169955,-4.0841,-6624185134.3246765,-4.05082,303741327.5,1012027261.78,,637.19,-18.88437,2025-02-26T16:11:25.410Z,87.81,488.60853,2025-02-14T03:11:08.309Z,,2025-08-24T07:23:01.121Z
fetch-ai,fet,Artificial Superintelligence Alliance,https://coin-images.coingecko.com/coins/images/5681/large/ASI.png?1719827289,59.04,153833007752,75,160301463610,4616680396.0,60.5,58.93,-1.179653370450481,-1.9588,-3229077227.180969,-2.05592,2604959126.672,2714493896.672,2714493896.672,287.87,-79.49218,2024-03-28T17:21:18.050Z,0.616804,9471.4084,2020-03-13T02:24:18.347Z,"{'times': 6.798104647075109, 'currency': 'usd', 'percentage': 679.810464707511}",2025-08-24T07:23:00.925Z
bonk,bonk,Bonk,https://coin-images.coingecko.com/coins/images/28600/large/bonk.jpg?1696527587,0.00196522,152120525318,76,172900666546,15365969950.0,0.00203503,0.00195759,-6.9818149225977e-05,-3.43081,-5911443851.922943,-3.74066,77419592329436.58,87995351642723.2,87995351642723.2,0.00491619,-60.17765,2024-11-20T04:01:06.465Z,7.14e-06,27336.04247,2022-12-29T22:48:46.755Z,,2025-08-24T07:23:01.250Z
official-trump,trump,Official Trump,https://coin-images.coingecko.com/coins/images/53746/large/trump.png?1737171561,759.23,151791975336,77,758959978787,24766710305.0,778.95,758.76,-19.044012888636985,-2.44696,-4088144571.69458,-2.62262,199999973.092266,1000000000.0,1000000000.0,6357.94,-88.06292,2025-01-19T11:50:34.806Z,371.49,104.2976,2025-01-18T03:40:29.231Z,,2025-08-24T07:23:00.897Z
liquid-staked-ethereum,lseth,Liquid Staked ETH,https://coin-images.coingecko.com/coins/images/28848/large/LsETH-receipt-token-circle.png?1696527824,448486.0,151095160465,78,151095160465,52031282.0,452042.0,443104.0,2211.5,0.49555,847537940.0,0.56409,336454.9153426194,336454.9153426194,,457092.0,-1.82968,2025-08-22T21:48:39.161Z,113614.0,294.96023,2023-03-10T10:47:08.985Z,,2025-08-24T07:23:00.754Z
bfusd,bfusd,BFUSD,https://coin-images.coingecko.com/coins/images/68227/large/bfusd.png?1755132827,87.26,148341516594,79,148341516594,460082832.0,87.31,87.26,-0.017282176145229755,-0.0198,-29379701.175079346,-0.0198,1700000100.0,1700000100.0,,87.71,-0.5081,2025-08-14T20:54:20.045Z,86.85,0.47743,2025-08-19T09:52:03.013Z,,2025-08-24T07:23:01.347Z
flare-networks,flr,Flare,https://coin-images.coingecko.com/coins/images/28624/large/FLR-icon200x200.png?1696527609,2.05,147399334960,80,212732889413,549030833.0,2.07,2.03,-0.010341272617468533,-0.50226,-713526140.9775696,-0.48174,71950482336.29681,103841947497.6361,,12.35,-83.41072,2023-01-10T03:14:05.921Z,0.687929,197.72229,2023-10-19T23:41:38.524Z,,2025-08-24T07:23:00.775Z
filecoin,fil,Filecoin,https://coin-images.coingecko.com/coins/images/12817/large/filecoin.png?1696512609,213.74,146366130635,81,418751282795,14459698459.0,222.65,213.58,-8.905973414586185,-4.00004,-6266216134.412506,-4.10543,684773000.0,1959125181.0,1959125181.0,17367.85,-98.76931,2021-04-01T13:29:41.564Z,171.89,24.35185,2025-06-22T20:30:12.846Z,,2025-08-24T07:23:00.912Z
kucoin-shares,kcs,KuCoin,https://coin-images.coingecko.com/coins/images/1047/large/sa9z79.png?1696502152,1142.19,145484197931,82,162610472074,238673431.0,1166.91,1129.99,-21.05933425894682,-1.81038,-2785211086.5310974,-1.87848,127421933.7355671,142421933.7355671,,2158.41,-47.11392,2021-12-01T15:09:35.541Z,24.48,4562.66599,2019-02-13T00:00:00.000Z,,2025-08-24T07:23:01.135Z
jupiter-exchange-solana,jup,Jupiter,https://coin-images.coingecko.com/coins/images/34188/large/jup.png?1704266489,44.92,137731093341,83,315213245244,4259269367.0,46.55,44.84,-1.3103156438280052,-2.83454,-4251935545.380554,-2.99468,3058272222.2,6999203219.939382,10000000000.0,166.05,-72.96681,2024-01-31T15:02:47.304Z,26.3,70.70997,2025-04-07T06:56:22.719Z,,2025-08-24T07:23:00.994Z
lombard-staked-btc,lbtc,Lombard Staked BTC,https://coin-images.coingecko.com/coins/images/39969/large/LBTC_Logo.png?1724959872,10033782.0,135690820357,84,135690820357,365556338.0,10141994.0,9984731.0,-70812.42158426344,-0.70079,-730910328.2035675,-0.53577,13523.70173663004,13523.70173663004,,10877124.0,-7.74766,2025-08-14T00:51:32.053Z,4377154.0,129.24488,2024-09-06T21:01:52.094Z,,2025-08-24T07:23:00.795Z
quant-network,qnt,Quant,https://coin-images.coingecko.com/coins/images/3370/large/5ZOu7brX_400x400.jpg?1696504070,9263.1,134672374646,85,135304957091,1342739072.0,9598.46,9245.64,-335.35794698158315,-3.49387,-4966777675.478134,-3.55687,14544176.164091088,14612493.0,14612493.0,31427.0,-70.54124,2021-09-11T09:15:00.668Z,15.06,61374.89465,2018-08-23T00:00:00.000Z,"{'times': 8.571498588041681, 'currency': 'eth', 'percentage': 857.1498588041682}",2025-08-24T07:23:01.195Z
renzo-restaked-eth,ezeth,Renzo Restaked ETH,https://coin-images.coingecko.com/coins/images/34753/large/Ezeth_logo_circle.png?1713496404,439151.0,128297363753,86,128297363753,861323805.0,443554.0,433345.0,2982.77,0.68386,2068450395.0,1.63865,292189.283772539,292189.283772539,,449011.0,-2.28851,2025-08-22T21:11:10.175Z,125620.0,249.25573,2025-04-09T01:30:57.856Z,,2025-08-24T07:23:00.997Z
kinetic-staked-hype,khype,Kinetiq Staked HYPE,https://coin-images.coingecko.com/coins/images/67388/large/khype.png?1752632397,3837.95,127113582077,87,127113582077,2744225787.0,3933.29,3793.09,22.63,0.59313,1917251812.0,1.5314,33118895.06505883,33118895.06505883,,4328.91,-11.24882,2025-08-15T04:37:01.110Z,3105.03,23.73343,2025-08-02T18:59:35.641Z,,2025-08-24T07:23:00.886Z
xdce-crowd-sale,xdc,XDC Network,https://coin-images.coingecko.com/coins/images/2912/large/xdc-icon.png?1696503661,7.15,126756184930,88,271636701245,3185434176.0,7.39,7.14,-0.2449647235489385,-3.31465,-4497937037.077881,-3.42689,17739128604.94999,38014700267.85,,14.32,-50.09296,2021-08-21T04:39:48.324Z,0.02721364,26165.01296,2019-07-22T00:00:00.000Z,"{'times': 1.2833038212401982, 'currency': 'eth', 'percentage': 128.33038212401982}",2025-08-24T07:23:00.839Z
usdtb,usdtb,USDtb,https://coin-images.coingecko.com/coins/images/52804/large/USDtbSmall.png?1734344946,87.31,126534287237,89,126534287237,306430118.0,87.34,87.28,0.01257428,0.0144,-52857471.8125,-0.04176,1449215509.254127,1449215509.254127,,88.14,-0.93884,2025-02-07T13:50:36.784Z,77.41,12.79856,2025-07-17T08:05:52.672Z,,2025-08-24T07:23:01.315Z
mantle-staked-ether,meth,Mantle Staked Ether,https://coin-images.coingecko.com/coins/images/33345/large/symbol_transparent_bg.png?1701697066,445208.0,124450606457,90,124450606457,219451162.0,451312.0,437383.0,2399.9,0.54197,1106186175.0,0.89683,279392.6159772105,279392.6159772105,,454990.0,-1.93385,2025-08-22T21:13:02.824Z,128314.0,247.73351,2025-04-09T01:32:38.082Z,,2025-08-24T07:23:00.934Z
usdt0,usdt0,USDT0,https://coin-images.coingecko.com/coins/images/53705/large/usdt0.jpg?1737086183,87.27,124213966042,91,124213966042,17904835731.0,87.42,87.15,0.061928,0.07101,-850087039.937149,-0.67972,1423654469.648382,1423654469.648382,,90.97,-3.95852,2025-01-23T22:34:53.341Z,83.75,4.32324,2025-05-02T04:26:02.804Z,,2025-08-24T07:22:51.130Z
sky,sky,Sky,https://coin-images.coingecko.com/coins/images/39925/large/sky.jpg?1724827980,5.77,122713627408,92,135570897302,344790908.0,6.03,5.76,-0.1417717351108081,-2.39693,-3027669950.7720184,-2.40786,21237513405.79375,23462665147.36596,,8.62,-33.05864,2025-07-28T05:30:56.088Z,3.12,84.7345,2025-02-03T05:01:48.626Z,,2025-08-24T07:23:00.835Z
injective-protocol,inj,Injective,https://coin-images.coingecko.com/coins/images/12882/large/Other_200x200.png?1738782212,1246.74,121845754588,93,124679443636,10195040255.0,1289.07,1246.27,-29.020614930959937,-2.27478,-2983214459.083908,-2.38984,97727220.33,100000000.0,,4364.19,-71.43123,2024-03-14T15:06:22.124Z,49.02,2443.69364,2020-11-03T16:19:30.576Z,,2025-08-24T07:23:00.981Z
polygon-bridged-usdt-polygon,usdt,Polygon Bridged USDT (Polygon),https://coin-images.coingecko.com/coins/images/35023/large/USDT.png?1707233644,87.28,119679697605,94,119679697605,1899876205.0,87.3,87.27,-0.00059507520197144,-0.00068,15449492.0,0.01291,1371011795.531291,1371011795.531291,,88.37,-1.22578,2025-03-02T15:30:36.944Z,80.05,9.05045,2024-04-13T20:11:24.582Z,,2025-08-24T07:23:01.362Z
optimism,op,Optimism,https://coin-images.coingecko.com/coins/images/25244/large/Optimism.png?1696524385,68.0,119168049796,95,292105197375,17363647120.0,71.93,67.69,-0.27241145564475744,-0.39903,-718234295.8318787,-0.5991,1752186819.0,4294967296.0,4294967296.0,401.58,-83.08245,2024-03-06T08:35:50.817Z,31.35,116.68532,2022-06-18T20:54:52.178Z,,2025-08-24T07:23:01.019Z
celestia,tia,Celestia,https://coin-images.coingecko.com/coins/images/31967/large/tia.jpg?1696530772,156.85,118686957918,96,179128984081,7496161295.0,165.22,156.44,-8.370785781949081,-5.06656,-6378650727.212936,-5.10024,756630205.564247,1141948554.629728,,1730.96,-90.96328,2024-02-10T14:30:02.495Z,114.66,36.42754,2025-06-22T20:21:50.444Z,,2025-08-24T07:23:01.183Z
falcon-finance,usdf,Falcon USD,https://coin-images.coingecko.com/coins/images/54558/large/ff_200_X_200.png?1740741076,87.28,118556114897,97,118556114897,2241615277.0,87.31,87.19,0.01533172,0.01757,98588992.0,0.08323,1358267524.207916,1358267524.207916,,92.45,-5.57372,2025-05-08T21:25:42.071Z,80.47,8.48383,2025-05-13T17:40:35.908Z,,2025-08-24T07:23:01.225Z
nexo,nexo,NEXO,https://coin-images.coingecko.com/coins/images/3695/large/CG-nexo-token-200x200_2x.png?1730414360,114.38,114380474957,98,114380474957,1083625894.0,118.08,114.3,-1.373396008046086,-1.18648,-1415415379.998703,-1.22234,1000000000.0,1000000000.0,1000000000.0,298.99,-61.72747,2021-05-12T14:37:47.535Z,3.25,3423.02851,2018-09-13T00:00:00.000Z,"{'times': 12.09750839779354, 'currency': 'usd', 'percentage': 1209.750839779354}",2025-08-24T07:23:00.884Z
lido-dao,ldo,Lido DAO,https://coin-images.coingecko.com/coins/images/13573/large/Lido_DAO.png?1696513326,127.56,114264012119,99,127563760528,9379956946.0,134.05,127.57,-3.0526439289065195,-2.33711,-2921533059.007614,-2.49308,895740386.192153,1000000000.0,1000000000.0,543.56,-76.53023,2021-08-20T08:35:20.158Z,31.66,302.89301,2022-06-18T20:55:12.035Z,,2025-08-24T07:23:01.049Z
hash-2,hash,Provenance Blockchain,https://coin-images.coingecko.com/coins/images/66154/large/Hastra_Icon.png?1748497203,2.35,113787953140,100,235266433392,1375755.0,4.07,2.19,0.073523,3.22591,3631161352.0,3.29636,48365570685.0,100000000000.0,100000000000.0,5.03,-53.22806,2025-07-10T08:19:31.383Z,1.18,98.64475,2025-06-04T11:15:56.153Z,,2025-08-24T07:23:00.789Z
